"_id",gender,name
5e0d94a4923b2098791ca16d,M,facultyplus
5e0d94a6923b2098791ca16e,M,faculty
5e0d94a7923b2098791ca16f,M,jobs
5e0d94a7923b2098791ca170,M,for
5e0d94a7923b2098791ca171,M,assistant
5e0d94a8923b2098791ca172,M,professor
5e0d94a8923b2098791ca173,M,in
5e0d94a8923b2098791ca174,M,or
5e0d94a8923b2098791ca175,M,vacancy
5e0d94a9923b2098791ca176,M,contact
5e0d94a9923b2098791ca177,M,teaching
5e0d94a9923b2098791ca178,M,notification
5e0d94aa923b2098791ca179,M,by
5e0d94aa923b2098791ca17a,M,university
5e0d94aa923b2098791ca17b,M,calendar
5e0d94ab923b2098791ca17c,M,year
5e0d94ab923b2098791ca17d,M,candidates
5e0d94ab923b2098791ca17e,M,research
5e0d94ab923b2098791ca17f,M,tech
5e0d94ac923b2098791ca180,M,rangarajan
5e0d94ac923b2098791ca181,M,dr
5e0d94ac923b2098791ca182,M,of
5e0d94ad923b2098791ca183,M,and
5e0d94ad923b2098791ca184,M,technology
5e0d94ad923b2098791ca185,M,dhaanish
5e0d94ae923b2098791ca186,M,recruitment
5e0d94ae923b2098791ca187,M,details
5e0d94ae923b2098791ca188,M,below
5e0d94af923b2098791ca189,M,symbiosis
5e0d94af923b2098791ca18a,M,skills
5e0d94af923b2098791ca18b,M,times
5e0d94af923b2098791ca18c,M,epaper
5e0d94b0923b2098791ca18d,M,school
5e0d94b0923b2098791ca18e,M,teachers
5e0d94b0923b2098791ca18f,M,tgt
5e0d94b1923b2098791ca190,M,teacher
5e0d94b1923b2098791ca191,M,horizon
5e0d94b1923b2098791ca192,M,advertisement
5e0d94b2923b2098791ca193,M,post
5e0d94b2923b2098791ca194,M,dean
5e0d94b2923b2098791ca195,M,hod
5e0d94b2923b2098791ca196,M,professors
5e0d94b3923b2098791ca197,M,departments
5e0d94b3923b2098791ca198,M,detail
5e0d94b3923b2098791ca199,M,kaliabor
5e0d94b4923b2098791ca19a,M,nagaon
5e0d94b4923b2098791ca19b,M,assam
5e0d94b4923b2098791ca19c,M,within
5e0d94b5923b2098791ca19d,M,patil
5e0d94b5923b2098791ca19e,M,provider
5e0d94b5923b2098791ca19f,M,management
5e0d94b6923b2098791ca1a0,M,palakkad
5e0d94b6923b2098791ca1a1,M,november
5e0d94b6923b2098791ca1a2,M,mathavan
5e0d94b6923b2098791ca1a3,M,arts
5e0d94b7923b2098791ca1a4,M,week
5e0d94b7923b2098791ca1a5,M,group
5e0d94b7923b2098791ca1a6,M,colleges
5e0d94b8923b2098791ca1a7,M,through
5e0d94b8923b2098791ca1a8,M,email
5e0d94b8923b2098791ca1a9,M,salem
5e0d94b9923b2098791ca1aa,M,days
5e0d94b9923b2098791ca1ab,M,walk
5e0d94b9923b2098791ca1ac,M,on
5e0d94ba923b2098791ca1ad,M,studies
5e0d94ba923b2098791ca1ae,M,mems
5e0d94ba923b2098791ca1af,M,reddy
5e0d94ba923b2098791ca1b0,M,medchal
5e0d94bb923b2098791ca1b1,M,parul
5e0d94bb923b2098791ca1b2,M,gujarat
5e0d94bb923b2098791ca1b3,M,december
5e0d94bc923b2098791ca1b4,M,pradesh
5e0d94bc923b2098791ca1b5,M,einstein
5e0d94bc923b2098791ca1b6,M,applications
5e0d94bd923b2098791ca1b7,M,from
5e0d94bd923b2098791ca1b8,M,nationals
5e0d94bd923b2098791ca1b9,M,with
5e0d94bd923b2098791ca1ba,M,background
5e0d94be923b2098791ca1bb,M,commitment
5e0d94be923b2098791ca1bc,M,quality
5e0d94be923b2098791ca1bd,M,at
5e0d94bf923b2098791ca1be,M,selvam
5e0d94bf923b2098791ca1bf,M,lecturer
5e0d94bf923b2098791ca1c0,M,reasearch
5e0d94c0923b2098791ca1c1,M,sciences
5e0d94c0923b2098791ca1c2,M,bhubaneswar
5e0d94c0923b2098791ca1c3,M,joseph
5e0d94c1923b2098791ca1c4,M,uttarakhand
5e0d94c1923b2098791ca1c5,M,hotel
5e0d94c1923b2098791ca1c6,M,tourism
5e0d94c1923b2098791ca1c7,M,job
5e0d94c2923b2098791ca1c8,M,application
5e0d94c2923b2098791ca1c9,M,form
5e0d94c2923b2098791ca1ca,M,institutions
5e0d94c3923b2098791ca1cb,M,srinivas
5e0d94c3923b2098791ca1cc,M,plus
5e0d94c3923b2098791ca1cd,M,rajamahendravaram
5e0d94c4923b2098791ca1ce,M,palladam
5e0d94c4923b2098791ca1cf,M,positions
5e0d94c4923b2098791ca1d0,M,tamil
5e0d94c5923b2098791ca1d1,M,thiruvarur
5e0d94c5923b2098791ca1d2,M,guntur
5e0d94c5923b2098791ca1d3,M,position
5e0d94c6923b2098791ca1d4,M,academy
5e0d94c6923b2098791ca1d5,M,education
5e0d94c6923b2098791ca1d6,M,passion
5e0d94c6923b2098791ca1d7,M,newspaper
5e0d94c7923b2098791ca1d8,M,aryans
5e0d94c7923b2098791ca1d9,M,punjab
5e0d94c7923b2098791ca1da,M,dindigul
5e0d94c8923b2098791ca1db,M,seshadripuram
5e0d94c8923b2098791ca1dc,M,herald
5e0d94c8923b2098791ca1dd,M,ambassador
5e0d94c9923b2098791ca1de,M,schools
5e0d94c9923b2098791ca1df,M,sharjah
5e0d94c9923b2098791ca1e0,M,vidyapeetham
5e0d94c9923b2098791ca1e1,M,hill
5e0d94ca923b2098791ca1e2,M,malabar
5e0d94ca923b2098791ca1e3,M,campus
5e0d94ca923b2098791ca1e4,M,prakasam
5e0d94cb923b2098791ca1e5,M,arjun
5e0d94cb923b2098791ca1e6,M,rathinam
5e0d94cb923b2098791ca1e7,M,lab
5e0d94cc923b2098791ca1e8,M,instructor
5e0d94cc923b2098791ca1e9,M,surat
5e0d94cc923b2098791ca1ea,M,nilgiris
5e0d94cd923b2098791ca1eb,M,amman
5e0d94cd923b2098791ca1ec,M,presidency
5e0d94cd923b2098791ca1ed,M,bargarh
5e0d94cd923b2098791ca1ee,M,pratap
5e0d94ce923b2098791ca1ef,M,calicut
5e0d94ce923b2098791ca1f0,M,department
5e0d94ce923b2098791ca1f1,M,siddharth
5e0d94cf923b2098791ca1f2,M,nagar
5e0d94cf923b2098791ca1f3,M,uttar
5e0d94cf923b2098791ca1f4,M,kattankulathur
5e0d94d0923b2098791ca1f5,M,women
5e0d94d0923b2098791ca1f6,M,lakshmaiah
5e0d94d0923b2098791ca1f7,M,west
5e0d94d1923b2098791ca1f8,M,aryan
5e0d94d1923b2098791ca1f9,M,bharath
5e0d94d1923b2098791ca1fa,M,ernakulam
5e0d94d2923b2098791ca1fb,M,manav
5e0d94d2923b2098791ca1fc,M,paper
5e0d94d2923b2098791ca1fd,M,librarian
5e0d94d3923b2098791ca1fe,M,bharat
5e0d94d3923b2098791ca1ff,M,shroff
5e0d94d3923b2098791ca200,M,chemical
5e0d94d3923b2098791ca201,M,bharuch
5e0d94d4923b2098791ca202,M,admission
5e0d94d4923b2098791ca203,M,counsellor
5e0d94d4923b2098791ca204,M,announcement
5e0d94d5923b2098791ca205,M,anand
5e0d94d5923b2098791ca206,M,chettinad
5e0d94d5923b2098791ca207,M,kanchipuram
5e0d94d6923b2098791ca208,M,weeks
5e0d94d6923b2098791ca209,M,islam
5e0d94d6923b2098791ca20a,M,goel
5e0d94d6923b2098791ca20b,M,ghaziabad
5e0d94d7923b2098791ca20c,M,design
5e0d94d7923b2098791ca20d,M,elements
5e0d94d7923b2098791ca20e,M,kancheepuram
5e0d94d8923b2098791ca20f,M,thassim
5e0d94d8923b2098791ca210,M,kader
5e0d94d8923b2098791ca211,M,alagar
5e0d94d9923b2098791ca212,M,mamandur
5e0d94d9923b2098791ca213,M,pharmacy
5e0d94d9923b2098791ca214,M,meerut
5e0d94d9923b2098791ca215,M,oxford
5e0d94da923b2098791ca216,M,commission
5e0d94da923b2098791ca217,M,srinivasan
5e0d94da923b2098791ca218,M,jacob
5e0d94db923b2098791ca219,M,oddanchathram
5e0d94db923b2098791ca21a,M,thiruvananthapuram
5e0d94db923b2098791ca21b,M,association
5e0d94dc923b2098791ca21c,M,trivandrum
5e0d94dc923b2098791ca21d,M,march
5e0d94dc923b2098791ca21e,M,marian
5e0d94dc923b2098791ca21f,M,iit
5e0d94dd923b2098791ca220,M,individuals
5e0d94dd923b2098791ca221,M,record
5e0d94dd923b2098791ca222,M,level
5e0d94de923b2098791ca223,M,as
5e0d94de923b2098791ca224,M,per
5e0d94de923b2098791ca225,M,pay
5e0d94df923b2098791ca226,M,cochin
5e0d94df923b2098791ca227,M,shyam
5e0d94df923b2098791ca228,M,fisheries
5e0d94df923b2098791ca229,M,dehradun
5e0d94e0923b2098791ca22a,M,jrf
5e0d94e0923b2098791ca22b,M,quantum
5e0d94e0923b2098791ca22c,M,mother
5e0d94e1923b2098791ca22d,M,chittoor
5e0d94e1923b2098791ca22e,M,bits
5e0d94e1923b2098791ca22f,M,october
5e0d94e2923b2098791ca230,M,development
5e0d94e2923b2098791ca231,M,organization
5e0d94e2923b2098791ca232,M,rajkot
5e0d94e2923b2098791ca233,M,abs
5e0d94e3923b2098791ca234,M,sathyam
5e0d94e3923b2098791ca235,M,vizianagaram
5e0d94e3923b2098791ca236,M,peter
5e0d94e4923b2098791ca237,M,’s
5e0d94e4923b2098791ca238,M,mahaveer
5e0d94e4923b2098791ca239,M,government
5e0d94e5923b2098791ca23a,M,koraput
5e0d94e5923b2098791ca23b,M,iiit
5e0d94e5923b2098791ca23c,M,prayagraj
5e0d94e5923b2098791ca23d,M,training
5e0d94e6923b2098791ca23e,M,lucknow
5e0d94e6923b2098791ca23f,M,rammanohar
5e0d94e6923b2098791ca240,M,avadh
5e0d94e7923b2098791ca241,M,east
5e0d94e7923b2098791ca242,M,information
5e0d94e7923b2098791ca243,M,coordinators
5e0d94e8923b2098791ca244,M,caussanel
5e0d94e8923b2098791ca245,M,ramanathapuram
5e0d94e8923b2098791ca246,M,sreyas
5e0d94e9923b2098791ca247,M,villupuram
5e0d94e9923b2098791ca248,M,pondicherry
5e0d94e9923b2098791ca249,M,ssb
5e0d94ea923b2098791ca24a,M,chenduran
5e0d94ea923b2098791ca24b,M,chhattisgarh
5e0d94ea923b2098791ca24c,M,chandrapur
5e0d94eb923b2098791ca24d,M,sardar
5e0d94eb923b2098791ca24e,M,patel
5e0d94eb923b2098791ca24f,M,law
5e0d94eb923b2098791ca250,M,dibrugarh
5e0d94ec923b2098791ca251,M,apeejay
5e0d94ec923b2098791ca252,M,work
5e0d94ec923b2098791ca253,M,tumsar
5e0d94ed923b2098791ca254,M,admin
5e0d94ed923b2098791ca255,M,staffs
5e0d94ed923b2098791ca256,M,roever
5e0d94ee923b2098791ca257,M,perambalur
5e0d94ee923b2098791ca258,M,jalandhar
5e0d94ee923b2098791ca259,M,rbs
5e0d94ef923b2098791ca25a,M,if
5e0d94ef923b2098791ca25b,M,thiruvallur
5e0d94ef923b2098791ca25c,M,art
5e0d94ef923b2098791ca25d,M,prof
5e0d94f0923b2098791ca25e,M,nadar
5e0d94f0923b2098791ca25f,M,harvest
5e0d94f0923b2098791ca260,M,shiv
5e0d94f1923b2098791ca261,M,thakur
5e0d94f1923b2098791ca262,M,humanities
5e0d94f1923b2098791ca263,M,siddhar
5e0d94f2923b2098791ca264,M,bythakur
5e0d94f2923b2098791ca265,M,gobindgarh
5e0d94f2923b2098791ca266,M,month
5e0d94f2923b2098791ca267,M,surathkal
5e0d94f3923b2098791ca268,M,srikulam
5e0d94f3923b2098791ca269,M,charusat
5e0d94f3923b2098791ca26a,M,sankalchand
5e0d94f4923b2098791ca26b,M,visnagar
5e0d94f4923b2098791ca26c,M,calorx
5e0d94f4923b2098791ca26d,M,solan
5e0d94f5923b2098791ca26e,M,musaliar
5e0d94f5923b2098791ca26f,M,vit
5e0d94f5923b2098791ca270,M,career
5e0d94f5923b2098791ca271,M,aravindar
5e0d94f6923b2098791ca272,M,vanur
5e0d94f6923b2098791ca273,M,gangtok
5e0d94f6923b2098791ca274,M,villianur
5e0d94f7923b2098791ca275,M,trainer
5e0d94f7923b2098791ca276,M,niketan
5e0d94f7923b2098791ca277,M,vaishnav
5e0d94f8923b2098791ca278,M,anusandhan
5e0d94f8923b2098791ca279,M,health
5e0d94f8923b2098791ca27a,M,services
5e0d94f8923b2098791ca27b,M,karur
5e0d94f9923b2098791ca27c,M,kalaignar
5e0d94f9923b2098791ca27d,M,excel
5e0d94f9923b2098791ca27e,M,komarapalayam
5e0d94fa923b2098791ca27f,M,shah
5e0d94fa923b2098791ca280,M,anchor
5e0d94fa923b2098791ca281,M,ajmer
5e0d94fb923b2098791ca282,M,pharmaceutical
5e0d94fb923b2098791ca283,M,ropar
5e0d94fb923b2098791ca284,M,park
5e0d94fc923b2098791ca285,M,address
5e0d94fc923b2098791ca286,M,materials
5e0d94fc923b2098791ca287,M,electronics
5e0d94fc923b2098791ca288,M,visakhapatnam
5e0d94fd923b2098791ca289,M,kurnool
5e0d94fd923b2098791ca28a,M,july
5e0d94fd923b2098791ca28b,M,boghar
5e0d94fe923b2098791ca28c,M,vacancies
5e0d94fe923b2098791ca28d,M,empowerment
5e0d94fe923b2098791ca28e,M,persons
5e0d94ff923b2098791ca28f,M,disabilities
5e0d94ff923b2098791ca290,M,thiravium
5e0d94ff923b2098791ca291,M,kumulur
5e0d9500923b2098791ca292,M,about
5e0d9500923b2098791ca293,M,posts
5e0d9500923b2098791ca294,M,banking
5e0d9501923b2098791ca295,M,link
5e0d9501923b2098791ca296,M,arulmurugan
5e0d9501923b2098791ca297,M,poddar
5e0d9501923b2098791ca298,M,opportunities
5e0d9502923b2098791ca299,M,edition
5e0d9502923b2098791ca29a,M,seacom
5e0d9502923b2098791ca29b,M,birbhum
5e0d9503923b2098791ca29c,M,jis
5e0d9503923b2098791ca29d,M,sms
5e0d9503923b2098791ca29e,M,kollam
5e0d9504923b2098791ca29f,M,pgt
5e0d9504923b2098791ca2a0,M,head
5e0d9504923b2098791ca2a1,M,mistress
5e0d9504923b2098791ca2a2,M,society
5e0d9505923b2098791ca2a3,M,amritsar
5e0d9505923b2098791ca2a4,M,nursing
5e0d9505923b2098791ca2a5,M,nit
5e0d9506923b2098791ca2a6,M,guest
5e0d9506923b2098791ca2a7,M,gurugram
5e0d9506923b2098791ca2a8,M,freshers
5e0d9507923b2098791ca2a9,M,trust
5e0d9507923b2098791ca2aa,M,ghasiram
5e0d9507923b2098791ca2ab,M,gopikishan
5e0d9507923b2098791ca2ac,M,pandit
5e0d9508923b2098791ca2ad,M,petroleum
5e0d9508923b2098791ca2ae,M,ramanas
5e0d9508923b2098791ca2af,M,kasaragod
5e0d9509923b2098791ca2b0,M,rameshwaram
5e0d9509923b2098791ca2b1,M,sugar
5e0d9509923b2098791ca2b2,M,bihar
5e0d950a923b2098791ca2b3,M,sir
5e0d950a923b2098791ca2b4,M,nadars
5e0d950a923b2098791ca2b5,M,pioneer
5e0d950a923b2098791ca2b6,M,hamdard
5e0d950b923b2098791ca2b7,M,delhifor
5e0d950b923b2098791ca2b8,M,business
5e0d950b923b2098791ca2b9,M,hdfc
5e0d950c923b2098791ca2ba,M,biotechnology
5e0d950c923b2098791ca2bb,M,parishad
5e0d950c923b2098791ca2bc,M,courses
5e0d950d923b2098791ca2bd,M,manipur
5e0d950d923b2098791ca2be,M,fellowship
5e0d950d923b2098791ca2bf,M,cooch
5e0d950d923b2098791ca2c0,M,behar
5e0d950e923b2098791ca2c1,M,jadavpur
5e0d950e923b2098791ca2c2,M,point
5e0d950e923b2098791ca2c3,M,matriculation
5e0d950f923b2098791ca2c4,M,driver
5e0d950f923b2098791ca2c5,M,shriram
5e0d950f923b2098791ca2c6,M,field
5e0d9510923b2098791ca2c7,M,akal
5e0d9510923b2098791ca2c8,M,jharkhand
5e0d9510923b2098791ca2c9,M,wagh
5e0d9510923b2098791ca2ca,M,nashik
5e0d9511923b2098791ca2cb,M,jain
5e0d9511923b2098791ca2cc,M,don
5e0d9511923b2098791ca2cd,M,kannur
5e0d9512923b2098791ca2ce,M,periyar
5e0d9512923b2098791ca2cf,M,thanjavur
5e0d9512923b2098791ca2d0,M,staff
5e0d9513923b2098791ca2d1,M,toc
5e0d9513923b2098791ca2d2,M,branches
5e0d9513923b2098791ca2d3,M,res
5e0d9514923b2098791ca2d4,M,dev
5e0d9514923b2098791ca2d5,M,body
5e0d9514923b2098791ca2d6,M,aligarh
5e0d9514923b2098791ca2d7,M,across
5e0d9515923b2098791ca2d8,M,vikas
5e0d9515923b2098791ca2d9,M,madan
5e0d9515923b2098791ca2da,M,mohan
5e0d9516923b2098791ca2db,M,sandip
5e0d9516923b2098791ca2dc,M,orchid
5e0d9516923b2098791ca2dd,M,attend
5e0d9517923b2098791ca2de,M,interview
5e0d9517923b2098791ca2df,M,evening
5e0d9517923b2098791ca2e0,M,madras
5e0d9518923b2098791ca2e1,M,trends
5e0d9518923b2098791ca2e2,M,challenges
5e0d9518923b2098791ca2e3,M,lakireddy
5e0d9518923b2098791ca2e4,M,members
5e0d9519923b2098791ca2e5,M,generation
5e0d9519923b2098791ca2e6,M,firebird
5e0d9519923b2098791ca2e7,M,kaypeeyes
5e0d951a923b2098791ca2e8,M,asansol
5e0d951a923b2098791ca2e9,M,mission
5e0d951a923b2098791ca2ea,M,centurion
5e0d951b923b2098791ca2eb,M,director
5e0d951b923b2098791ca2ec,M,sirmaur
5e0d951b923b2098791ca2ed,M,kingston
5e0d951b923b2098791ca2ee,M,madhyamgram
5e0d951c923b2098791ca2ef,M,jawaharlal
5e0d951c923b2098791ca2f0,M,cuttack
5e0d951c923b2098791ca2f1,M,ambedkar
5e0d951d923b2098791ca2f2,M,vidyalayam
5e0d951d923b2098791ca2f3,M,–pgt
5e0d951d923b2098791ca2f4,M,gramin
5e0d951e923b2098791ca2f5,M,gautam
5e0d951e923b2098791ca2f6,M,panipat
5e0d951e923b2098791ca2f7,M,cheran
5e0d951f923b2098791ca2f8,M,jb
5e0d951f923b2098791ca2f9,M,govind
5e0d951f923b2098791ca2fa,M,panchmahal
5e0d951f923b2098791ca2fb,M,kipm
5e0d9520923b2098791ca2fc,M,sc
5e0d9520923b2098791ca2fd,M,kashipur
5e0d9520923b2098791ca2fe,M,girl
5e0d9521923b2098791ca2ff,M,dit
5e0d9521923b2098791ca300,M,walkin
5e0d9521923b2098791ca301,M,prasarak
5e0d9522923b2098791ca302,M,samaj
5e0d9522923b2098791ca303,M,babasaheb
5e0d9522923b2098791ca304,M,bhavan
5e0d9523923b2098791ca305,M,jnanavikas
5e0d9523923b2098791ca306,M,lady
5e0d9523923b2098791ca307,M,doak
5e0d9524923b2098791ca308,M,brindavan
5e0d9524923b2098791ca309,M,karnatak
5e0d9524923b2098791ca30a,M,dharwad
5e0d9524923b2098791ca30b,M,bearys
5e0d9525923b2098791ca30c,M,bennett
5e0d9525923b2098791ca30d,M,scms
5e0d9525923b2098791ca30e,M,thomas
5e0d9526923b2098791ca30f,M,omdayal
5e0d9526923b2098791ca310,M,howrah
5e0d9526923b2098791ca311,M,raman
5e0d9527923b2098791ca312,M,animal
5e0d9527923b2098791ca313,M,engineers
5e0d9527923b2098791ca314,M,lajpat
5e0d9527923b2098791ca315,M,tilak
5e0d9528923b2098791ca316,M,vishal
5e0d9528923b2098791ca317,M,society
5e0d9528923b2098791ca318,M,’s
5e0d9529923b2098791ca319,M,jalgaon
5e0d9529923b2098791ca31a,M,medinipur
5e0d9529923b2098791ca31b,M,ghanashyam
5e0d952a923b2098791ca31c,M,flower
5e0d952a923b2098791ca31d,M,amity
5e0d952a923b2098791ca31e,M,zion
5e0d952b923b2098791ca31f,M,higginbottom
5e0d952b923b2098791ca320,M,lokmat
5e0d952b923b2098791ca321,M,alwin
5e0d952b923b2098791ca322,M,off
5e0d952c923b2098791ca323,M,an
5e0d952c923b2098791ca324,M,indian
5e0d952c923b2098791ca325,M,portal
5e0d952d923b2098791ca326,M,us
5e0d952d923b2098791ca327,M,now
5e0d952d923b2098791ca328,M,prist
5e0d952e923b2098791ca329,M,academic
5e0d952e923b2098791ca32a,M,earliest
5e0d952e923b2098791ca32b,M,ahmed
5e0d952f923b2098791ca32c,M,officially
5e0d952f923b2098791ca32d,M,international
5e0d952f923b2098791ca32e,M,new
5e0d952f923b2098791ca32f,M,various
5e0d9530923b2098791ca330,M,full
5e0d9530923b2098791ca331,M,september
5e0d9530923b2098791ca332,M,nagpur
5e0d9531923b2098791ca333,M,best
5e0d9531923b2098791ca334,M,lead
5e0d9531923b2098791ca335,M,their
5e0d9532923b2098791ca336,M,pailan
5e0d9532923b2098791ca337,M,modern
5e0d9532923b2098791ca338,M,rajasthan
5e0d9532923b2098791ca339,M,mvsr
5e0d9533923b2098791ca33a,M,nandhanam
5e0d9533923b2098791ca33b,M,polytechnic
5e0d9533923b2098791ca33c,M,ahmedabad
5e0d9534923b2098791ca33d,M,excellent
5e0d9534923b2098791ca33e,M,national
5e0d9534923b2098791ca33f,M,trichy
5e0d9535923b2098791ca340,M,namakkal
5e0d9535923b2098791ca341,M,principal
5e0d9535923b2098791ca342,M,social
5e0d9535923b2098791ca343,M,nainital
5e0d9536923b2098791ca344,M,immediately
5e0d9536923b2098791ca345,M,giem
5e0d9536923b2098791ca346,M,dhenkanal
5e0d9537923b2098791ca347,M,secunderabad
5e0d9537923b2098791ca348,M,central
5e0d9537923b2098791ca349,M,august
5e0d9538923b2098791ca34a,M,higher
5e0d9538923b2098791ca34b,M,lovely
5e0d9538923b2098791ca34c,M,professional
5e0d9538923b2098791ca34d,M,tirupur
5e0d9539923b2098791ca34e,M,dinamalar
5e0d9539923b2098791ca34f,M,deccan
5e0d9539923b2098791ca350,M,how
5e0d953a923b2098791ca351,M,recruiement
5e0d953a923b2098791ca352,M,north
5e0d953a923b2098791ca353,M,eastern
5e0d953b923b2098791ca354,M,shillong
5e0d953b923b2098791ca355,M,global
5e0d953b923b2098791ca356,M,technical
5e0d953b923b2098791ca357,M,newton
5e0d953c923b2098791ca358,M,sanskar
5e0d953c923b2098791ca359,M,sikar
5e0d953c923b2098791ca35a,M,educational
5e0d953d923b2098791ca35b,M,faridabad
5e0d953d923b2098791ca35c,M,nav
5e0d953d923b2098791ca35d,M,rotary
5e0d953e923b2098791ca35e,M,public
5e0d953e923b2098791ca35f,M,mary
5e0d953e923b2098791ca360,M,centenary
5e0d953f923b2098791ca361,M,noorul
5e0d953f923b2098791ca362,M,raj
5e0d953f923b2098791ca363,M,abdul
5e0d953f923b2098791ca364,M,andal
5e0d9540923b2098791ca365,M,memorial
5e0d9540923b2098791ca366,M,christian
5e0d9540923b2098791ca367,M,muslim
5e0d9541923b2098791ca368,M,independent
5e0d9541923b2098791ca369,M,high
5e0d9541923b2098791ca36a,M,uttaranchal
5e0d9542923b2098791ca36b,M,bengal
5e0d9542923b2098791ca36c,M,january
5e0d9542923b2098791ca36d,M,durgapur
5e0d9543923b2098791ca36e,M,ganesan
5e0d9543923b2098791ca36f,M,princeton
5e0d9543923b2098791ca370,M,primary
5e0d9543923b2098791ca371,M,rajahmundry
5e0d9544923b2098791ca372,M,ammal
5e0d9544923b2098791ca373,M,yavatmal
5e0d9544923b2098791ca374,M,sant
5e0d9545923b2098791ca375,M,eshwar
5e0d9545923b2098791ca376,M,greater
5e0d9545923b2098791ca377,M,udumalpet
5e0d9546923b2098791ca378,M,officiallyfor
5e0d9546923b2098791ca379,M,bhag
5e0d9546923b2098791ca37a,M,singh
5e0d9547923b2098791ca37b,M,then
5e0d9547923b2098791ca37c,M,dhanapalan
5e0d9547923b2098791ca37d,M,ramnarayan
5e0d9547923b2098791ca37e,M,jindal
5e0d9548923b2098791ca37f,M,liberal
5e0d9548923b2098791ca380,M,sonipat
5e0d9548923b2098791ca381,M,manipal
5e0d9549923b2098791ca382,M,suryapet
5e0d9549923b2098791ca383,M,raak
5e0d9549923b2098791ca384,M,medical
5e0d954a923b2098791ca385,M,inth
5e0d954a923b2098791ca386,M,ambal
5e0d954b923b2098791ca387,M,universal
5e0d954b923b2098791ca388,M,brilliant
5e0d954b923b2098791ca389,M,schlenk
5e0d954b923b2098791ca38a,M,fellow
5e0d954c923b2098791ca38b,M,shobhit
5e0d954c923b2098791ca38c,M,agricultural
5e0d954c923b2098791ca38d,M,pandian
5e0d954d923b2098791ca38e,M,yadav
5e0d954d923b2098791ca38f,M,daily
5e0d954d923b2098791ca390,M,kottayam
5e0d954e923b2098791ca391,M,royal
5e0d954e923b2098791ca392,M,chief
5e0d954e923b2098791ca393,M,diwan
5e0d954f923b2098791ca394,M,imayam
5e0d954f923b2098791ca395,M,bharathidasan
5e0d954f923b2098791ca396,M,starex
5e0d954f923b2098791ca397,M,aeronautical
5e0d9550923b2098791ca398,M,chinchwad
5e0d9550923b2098791ca399,M,deendayal
5e0d9550923b2098791ca39a,M,vignan
5e0d9551923b2098791ca39b,M,advanced
5e0d9551923b2098791ca39c,M,legal
5e0d9551923b2098791ca39d,M,prasad
5e0d9552923b2098791ca39e,M,padmavathy
5e0d9552923b2098791ca39f,M,official
5e0d9552923b2098791ca3a0,M,it
5e0d9553923b2098791ca3a1,M,autonomous
5e0d9553923b2098791ca3a2,M,doctoral
5e0d9553923b2098791ca3a3,M,accountant
5e0d9553923b2098791ca3a4,M,marigold
5e0d9554923b2098791ca3a5,M,kakkanad
5e0d9554923b2098791ca3a6,M,dental
5e0d9554923b2098791ca3a7,M,hr
5e0d9555923b2098791ca3a8,M,secondary
5e0d9555923b2098791ca3a9,M,xavier
5e0d9555923b2098791ca3aa,M,catholic
5e0d9556923b2098791ca3ab,M,gorakhpur
5e0d9556923b2098791ca3ac,M,vellaichamy
5e0d9556923b2098791ca3ad,M,kumaraswamy
5e0d9556923b2098791ca3ae,M,deep
5e0d9557923b2098791ca3af,M,dedicated
5e0d9557923b2098791ca3b0,M,next
5e0d9557923b2098791ca3b1,M,hassan
5e0d9558923b2098791ca3b2,M,bhopal
5e0d9558923b2098791ca3b3,M,aurangabad
5e0d9558923b2098791ca3b4,M,young
5e0d9559923b2098791ca3b5,M,venkatachalapathy
5e0d9559923b2098791ca3b6,M,solapur
5e0d9559923b2098791ca3b7,M,senior
5e0d955a923b2098791ca3b8,M,eswar
5e0d955a923b2098791ca3b9,M,pattammal
5e0d955a923b2098791ca3ba,M,alagesan
5e0d955a923b2098791ca3bb,M,jaysingpur
5e0d955b923b2098791ca3bc,M,mahavir
5e0d955b923b2098791ca3bd,M,shikshan
5e0d955c923b2098791ca3be,F,india
5e0d955c923b2098791ca3bf,F,college
5e0d955c923b2098791ca3c0,F,chennai
5e0d955c923b2098791ca3c1,F,tamilnadu
5e0d955d923b2098791ca3c2,F,institute
5e0d955d923b2098791ca3c3,F,science
5e0d955d923b2098791ca3c4,F,maharashtra
5e0d955e923b2098791ca3c5,F,cbse
5e0d955e923b2098791ca3c6,F,montessori
5e0d955e923b2098791ca3c7,F,bangalore
5e0d955f923b2098791ca3c8,F,dhole
5e0d955f923b2098791ca3c9,F,candidate
5e0d955f923b2098791ca3ca,F,site
5e0d955f923b2098791ca3cb,F,latha
5e0d9560923b2098791ca3cc,F,madurai
5e0d9560923b2098791ca3cd,F,avanthi
5e0d9560923b2098791ca3ce,F,telangana
5e0d9561923b2098791ca3cf,F,resume
5e0d9561923b2098791ca3d0,M,siddhartha
5e0d9561923b2098791ca3d1,F,balasore
5e0d9562923b2098791ca3d2,F,odisha
5e0d9562923b2098791ca3d3,F,nava
5e0d9562923b2098791ca3d4,M,chaitanya
5e0d9563923b2098791ca3d5,F,degree
5e0d9563923b2098791ca3d6,F,vadodara
5e0d9563923b2098791ca3d7,F,andhra
5e0d9563923b2098791ca3d8,F,priyadarshini
5e0d9564923b2098791ca3d9,F,sri
5e0d9564923b2098791ca3da,M,prince
5e0d9564923b2098791ca3db,F,shri
5e0d9565923b2098791ca3dc,F,chitkara
5e0d9565923b2098791ca3dd,F,infrastructure
5e0d9565923b2098791ca3de,F,to
5e0d9566923b2098791ca3df,F,kaliswari
5e0d9566923b2098791ca3e0,F,sivakasi
5e0d9566923b2098791ca3e1,F,dayananda
5e0d9566923b2098791ca3e2,F,matrusri
5e0d9567923b2098791ca3e3,F,sree
5e0d9567923b2098791ca3e4,F,rajdhani
5e0d9567923b2098791ca3e5,F,bengaluru
5e0d9568923b2098791ca3e6,F,sampoorna
5e0d9568923b2098791ca3e7,F,nalla
5e0d9568923b2098791ca3e8,F,narasimha
5e0d9569923b2098791ca3e9,F,eenadu
5e0d9569923b2098791ca3ea,F,samskruti
5e0d9569923b2098791ca3eb,F,bandari
5e0d956a923b2098791ca3ec,F,malla
5e0d956a923b2098791ca3ed,F,shrine
5e0d956a923b2098791ca3ee,F,vailankanni
5e0d956a923b2098791ca3ef,F,pudukottai
5e0d956b923b2098791ca3f0,F,sreenidhi
5e0d956b923b2098791ca3f1,F,nadu
5e0d956b923b2098791ca3f2,F,architecture
5e0d956c923b2098791ca3f3,F,vijayawada
5e0d956c923b2098791ca3f4,F,phagwara
5e0d956c923b2098791ca3f5,F,thiru
5e0d956d923b2098791ca3f6,F,ramakrishna
5e0d956d923b2098791ca3f7,F,nallammai
5e0d956d923b2098791ca3f8,F,dubai
5e0d956e923b2098791ca3f9,F,website
5e0d956e923b2098791ca3fa,F,amrita
5e0d956e923b2098791ca3fb,F,meghalaya
5e0d956e923b2098791ca3fc,F,sasurie
5e0d956f923b2098791ca3fd,F,shirdi
5e0d956f923b2098791ca3fe,F,sai
5e0d956f923b2098791ca3ff,F,ananthapuramu
5e0d9570923b2098791ca400,F,tarsadia
5e0d9570923b2098791ca401,F,nilgiri
5e0d9570923b2098791ca402,F,sastha
5e0d9571923b2098791ca403,F,chalapathi
5e0d9571923b2098791ca404,F,bapatla
5e0d9571923b2098791ca405,F,article
5e0d9572923b2098791ca406,F,ambiga
5e0d9572923b2098791ca407,F,vasavi
5e0d9572923b2098791ca408,F,godavari
5e0d9572923b2098791ca409,M,jai
5e0d9573923b2098791ca40a,F,haryana
5e0d9573923b2098791ca40b,F,easa
5e0d9573923b2098791ca40c,F,kangra
5e0d9574923b2098791ca40d,M,guru
5e0d9574923b2098791ca40e,F,kapurthala
5e0d9574923b2098791ca40f,F,kadapa
5e0d9575923b2098791ca410,F,telugu
5e0d9575923b2098791ca411,F,rajagiri
5e0d9575923b2098791ca412,F,jayanthi
5e0d9576923b2098791ca413,F,kochi
5e0d9576923b2098791ca414,F,peri
5e0d9576923b2098791ca415,F,chronicle
5e0d9576923b2098791ca416,F,centre
5e0d9577923b2098791ca417,F,machine
5e0d9577923b2098791ca418,F,beevi
5e0d9577923b2098791ca419,F,home
5e0d9578923b2098791ca41a,F,indira
5e0d9578923b2098791ca41b,F,saveetha
5e0d9578923b2098791ca41c,F,janki
5e0d9579923b2098791ca41d,F,ji
5e0d9579923b2098791ca41e,F,yamuna
5e0d9579923b2098791ca41f,F,june
5e0d957a923b2098791ca420,F,service
5e0d957a923b2098791ca421,M,nehru
5e0d957a923b2098791ca422,F,delhi
5e0d957a923b2098791ca423,F,ramadevi
5e0d957b923b2098791ca424,F,kolkata
5e0d957b923b2098791ca425,F,roorkee
5e0d957b923b2098791ca426,F,theresa
5e0d957c923b2098791ca427,F,sathyabama
5e0d957c923b2098791ca428,F,defense
5e0d957c923b2098791ca429,F,saurashtra
5e0d957d923b2098791ca42a,F,dattha
5e0d957d923b2098791ca42b,F,care
5e0d957d923b2098791ca42c,F,praveenya
5e0d957d923b2098791ca42d,F,mahavidyalaya
5e0d957e923b2098791ca42e,F,gondia
5e0d957e923b2098791ca42f,F,lohia
5e0d957e923b2098791ca430,F,aditya
5e0d957f923b2098791ca431,F,kakinada
5e0d957f923b2098791ca432,F,brainware
5e0d957f923b2098791ca433,F,excellence
5e0d9580923b2098791ca434,F,vignana
5e0d9580923b2098791ca435,F,jyothi
5e0d9580923b2098791ca436,F,annamacharya
5e0d9581923b2098791ca437,F,ayira
5e0d9581923b2098791ca438,F,vaisya
5e0d9581923b2098791ca439,F,paramakudi
5e0d9582923b2098791ca43a,F,commerce
5e0d9582923b2098791ca43b,F,gandhi
5e0d9582923b2098791ca43c,F,krishi
5e0d9582923b2098791ca43d,F,gadge
5e0d9583923b2098791ca43e,F,baba
5e0d9583923b2098791ca43f,F,amravati
5e0d9583923b2098791ca440,F,nitte
5e0d9584923b2098791ca441,F,maharshi
5e0d9584923b2098791ca442,F,buldana
5e0d9584923b2098791ca443,F,sakunthala
5e0d9585923b2098791ca444,F,raisoni
5e0d9585923b2098791ca445,F,hitwada
5e0d9585923b2098791ca446,F,venkateswara
5e0d9585923b2098791ca447,F,mumbai
5e0d9586923b2098791ca448,F,kalamboli
5e0d9586923b2098791ca449,F,noida
5e0d9586923b2098791ca44a,F,saraswathi
5e0d9587923b2098791ca44b,F,thyagaraja
5e0d9587923b2098791ca44c,F,pollachi
5e0d9587923b2098791ca44d,F,wardha
5e0d9b017458d4d56306e235,M,rahul
5e0d9b047458d4d56306e236,M,prabhat
5e0d9b047458d4d56306e237,M,abhishek
5e0d9b057458d4d56306e238,M,vivek
5e0d9b057458d4d56306e239,M,reddy
5e0d9b067458d4d56306e23a,M,devaram
5e0d9b067458d4d56306e23b,M,piyush
5e0d9b067458d4d56306e23c,M,alok
5e0d9b077458d4d56306e23d,M,om
5e0d9b077458d4d56306e23e,M,prasad
5e0d9b077458d4d56306e23f,M,yash
5e0d9b087458d4d56306e240,M,raut
5e0d9b087458d4d56306e241,M,prakash
5e0d9b087458d4d56306e242,M,dehury
5e0d9b097458d4d56306e243,M,dey
5e0d9b097458d4d56306e244,M,amber
5e0d9b097458d4d56306e245,M,lalit
5e0d9b0a7458d4d56306e246,M,mayur
5e0d9b0a7458d4d56306e247,M,abhyudoy
5e0d9b0a7458d4d56306e248,M,kamalesh
5e0d9b0a7458d4d56306e249,M,kartikey
5e0d9b0b7458d4d56306e24a,M,raj
5e0d9b0b7458d4d56306e24b,M,suresh
5e0d9b0b7458d4d56306e24c,M,garv
5e0d9b0c7458d4d56306e24d,M,manoj
5e0d9b0c7458d4d56306e24e,M,jain
5e0d9b0c7458d4d56306e24f,M,tanishq
5e0d9b0d7458d4d56306e250,M,pranav
5e0d9b0d7458d4d56306e251,M,kartik
5e0d9b0d7458d4d56306e252,M,ayushmaan
5e0d9b0e7458d4d56306e253,M,singh
5e0d9b0e7458d4d56306e254,M,prashanth
5e0d9b0e7458d4d56306e255,M,praful
5e0d9b0f7458d4d56306e256,M,yadav
5e0d9b0f7458d4d56306e257,M,shirin
5e0d9b0f7458d4d56306e258,M,uday
5e0d9b107458d4d56306e259,M,nithish
5e0d9b107458d4d56306e25a,M,samar
5e0d9b107458d4d56306e25b,M,aneeth
5e0d9b117458d4d56306e25c,M,harish
5e0d9b117458d4d56306e25d,M,shobhit
5e0d9b117458d4d56306e25e,F,tanya
5e0d9b127458d4d56306e25f,F,nagle
5e0d9b127458d4d56306e260,F,sai
5e0d9b127458d4d56306e261,F,tanisha
5e0d9b137458d4d56306e262,F,maurya
5e0d9b137458d4d56306e263,F,harikumara
5e0d9b137458d4d56306e264,F,behera
5e0d9b147458d4d56306e265,F,khushboo
5e0d9b147458d4d56306e266,F,gupta
5e0d9b147458d4d56306e267,F,soni
5e0d9b157458d4d56306e268,F,ranpise
5e0d9b157458d4d56306e269,F,khare
5e0d9b157458d4d56306e26a,F,shantanu
5e0d9b167458d4d56306e26b,F,shinde
5e0d9b167458d4d56306e26c,F,ravi
5e0d9b167458d4d56306e26d,F,swetalina
5e0d9b177458d4d56306e26e,F,rao
5e0d9b177458d4d56306e26f,F,dwivedi
5e0d9b177458d4d56306e270,F,verma
5e0d9b177458d4d56306e271,F,patra
5e0d9b187458d4d56306e272,F,shreya
5e0d9b187458d4d56306e273,F,neha
5e0d9b187458d4d56306e274,F,sharma
5e0d9b197458d4d56306e275,F,sree
5e0d9b197458d4d56306e276,F,ayushi
5e0d9b197458d4d56306e277,F,agrahari
5e0d9cd638c130bd3d0dd190,M,ishank
5e0d9cd838c130bd3d0dd191,M,keerthan
5e0d9cd838c130bd3d0dd192,M,deepak
5e0d9cd838c130bd3d0dd193,M,velmurugan
5e0d9cd938c130bd3d0dd194,M,haas
5e0d9cd938c130bd3d0dd195,M,sumit
5e0d9cd938c130bd3d0dd196,M,thakur
5e0d9cda38c130bd3d0dd197,M,kaustubh
5e0d9cda38c130bd3d0dd198,M,sanket
5e0d9cda38c130bd3d0dd199,M,manoj
5e0d9cda38c130bd3d0dd19a,M,monish
5e0d9cdb38c130bd3d0dd19b,M,manan
5e0d9cdb38c130bd3d0dd19c,M,sadhukhan
5e0d9cdb38c130bd3d0dd19d,M,jerald
5e0d9cdc38c130bd3d0dd19e,M,reddy
5e0d9cdc38c130bd3d0dd19f,M,sohail
5e0d9cdc38c130bd3d0dd1a0,M,rajesh
5e0d9cdd38c130bd3d0dd1a1,M,abhinandan
5e0d9cdd38c130bd3d0dd1a2,M,pranav
5e0d9cdd38c130bd3d0dd1a3,M,manit
5e0d9cde38c130bd3d0dd1a4,M,paul
5e0d9cde38c130bd3d0dd1a5,M,gagan
5e0d9cde38c130bd3d0dd1a6,M,jain
5e0d9cde38c130bd3d0dd1a7,M,arvind
5e0d9cdf38c130bd3d0dd1a8,M,roy
5e0d9cdf38c130bd3d0dd1a9,M,sohan
5e0d9cdf38c130bd3d0dd1aa,M,paik
5e0d9ce038c130bd3d0dd1ab,M,dev
5e0d9ce038c130bd3d0dd1ac,M,kunj
5e0d9ce038c130bd3d0dd1ad,M,ritesh
5e0d9ce138c130bd3d0dd1ae,M,aman
5e0d9ce138c130bd3d0dd1af,M,ishan
5e0d9ce138c130bd3d0dd1b0,M,abhishek
5e0d9ce238c130bd3d0dd1b1,M,katiyar
5e0d9ce238c130bd3d0dd1b2,M,dash
5e0d9ce238c130bd3d0dd1b3,M,gitesh
5e0d9ce238c130bd3d0dd1b4,M,pal
5e0d9ce338c130bd3d0dd1b5,M,kushal
5e0d9ce338c130bd3d0dd1b6,M,anand
5e0d9ce338c130bd3d0dd1b7,M,chauhan
5e0d9ce438c130bd3d0dd1b8,M,prabhkar
5e0d9ce438c130bd3d0dd1b9,M,advaith
5e0d9ce438c130bd3d0dd1ba,M,rounak
5e0d9ce538c130bd3d0dd1bb,M,bramhbhatt
5e0d9ce538c130bd3d0dd1bc,M,ayush
5e0d9ce538c130bd3d0dd1bd,M,gaurav
5e0d9ce638c130bd3d0dd1be,M,badyal
5e0d9ce638c130bd3d0dd1bf,M,nath
5e0d9ce638c130bd3d0dd1c0,M,jayesh
5e0d9ce638c130bd3d0dd1c1,M,shivam
5e0d9ce738c130bd3d0dd1c2,M,joy
5e0d9ce738c130bd3d0dd1c3,M,sankalp
5e0d9ce738c130bd3d0dd1c4,M,shubham
5e0d9ce838c130bd3d0dd1c5,M,pradhan
5e0d9ce838c130bd3d0dd1c6,M,rahul
5e0d9ce838c130bd3d0dd1c7,M,vatsal
5e0d9ce938c130bd3d0dd1c8,M,agnik
5e0d9ce938c130bd3d0dd1c9,M,dan
5e0d9ce938c130bd3d0dd1ca,M,agrawal
5e0d9cea38c130bd3d0dd1cb,M,arnav
5e0d9cea38c130bd3d0dd1cc,M,swayumm
5e0d9cea38c130bd3d0dd1cd,M,vibhor
5e0d9cea38c130bd3d0dd1ce,M,adarsh
5e0d9ceb38c130bd3d0dd1cf,M,yadav
5e0d9ceb38c130bd3d0dd1d0,M,nichal
5e0d9ceb38c130bd3d0dd1d1,M,sayan
5e0d9cec38c130bd3d0dd1d2,M,singh
5e0d9cec38c130bd3d0dd1d3,M,shiak
5e0d9cec38c130bd3d0dd1d4,M,abdul
5e0d9ced38c130bd3d0dd1d5,M,mrinal
5e0d9ced38c130bd3d0dd1d6,M,seth
5e0d9ced38c130bd3d0dd1d7,M,manikamal
5e0d9cee38c130bd3d0dd1d8,M,abhinav
5e0d9cee38c130bd3d0dd1d9,M,raj
5e0d9cee38c130bd3d0dd1da,M,devarsetty
5e0d9cee38c130bd3d0dd1db,M,nishant
5e0d9cef38c130bd3d0dd1dc,M,vishnukant
5e0d9cef38c130bd3d0dd1dd,M,utkarsh
5e0d9cef38c130bd3d0dd1de,M,aryan
5e0d9cf038c130bd3d0dd1df,M,akhiranandhan
5e0d9cf038c130bd3d0dd1e0,M,sunny
5e0d9cf038c130bd3d0dd1e1,M,shrimal
5e0d9cf138c130bd3d0dd1e2,M,parth
5e0d9cf138c130bd3d0dd1e3,M,amogharaj
5e0d9cf138c130bd3d0dd1e4,M,utsav
5e0d9cf238c130bd3d0dd1e5,F,ramita
5e0d9cf238c130bd3d0dd1e6,F,hemangi
5e0d9cf238c130bd3d0dd1e7,F,sonu
5e0d9cf338c130bd3d0dd1e8,F,sharanya
5e0d9cf338c130bd3d0dd1e9,F,rikkala
5e0d9cf338c130bd3d0dd1ea,F,nandana
5e0d9cf438c130bd3d0dd1eb,F,rakshita
5e0d9cf438c130bd3d0dd1ec,F,chanda
5e0d9cf438c130bd3d0dd1ed,F,didhiti
5e0d9cf438c130bd3d0dd1ee,F,nikeeta
5e0d9cf538c130bd3d0dd1ef,F,jake
5e0d9cf538c130bd3d0dd1f0,F,raju
5e0d9cf538c130bd3d0dd1f1,F,khushi
5e0d9cf638c130bd3d0dd1f2,F,khatri
5e0d9cf638c130bd3d0dd1f3,F,subudhi
5e0d9cf638c130bd3d0dd1f4,F,debadatta
5e0d9cf738c130bd3d0dd1f5,F,mukkera
5e0d9cf738c130bd3d0dd1f6,F,suryatheja
5e0d9cf738c130bd3d0dd1f7,F,bairwa
5e0d9cf838c130bd3d0dd1f8,F,gupta
5e0d9cf838c130bd3d0dd1f9,F,piprishu
5e0d9cf838c130bd3d0dd1fa,F,konakala
5e0d9cf838c130bd3d0dd1fb,F,sai
5e0d9cf938c130bd3d0dd1fc,F,teja
5e0d9cf938c130bd3d0dd1fd,F,kushagra
5e0d9cf938c130bd3d0dd1fe,F,sudula
5e0d9cfa38c130bd3d0dd1ff,F,karthikeya
5e0d9cfa38c130bd3d0dd200,F,sahoo
5e0d9cfa38c130bd3d0dd201,F,sinha
5e0d9cfb38c130bd3d0dd202,F,sunkara
5e0d9cfb38c130bd3d0dd203,F,bala
5e0d9cfb38c130bd3d0dd204,F,mishra
5e0d9cfc38c130bd3d0dd205,F,panda
5e0d9cfc38c130bd3d0dd206,F,anshu
5e0d9cfc38c130bd3d0dd207,F,jarodiya
5e0d9cfc38c130bd3d0dd208,F,divya
5e0d9cfd38c130bd3d0dd209,F,saha
5e0d9cfd38c130bd3d0dd20a,F,shriyanshu
5e0d9cfd38c130bd3d0dd20b,F,priyanshu
5e0d9cfe38c130bd3d0dd20c,F,samyuktha
5e0d9cfe38c130bd3d0dd20d,F,saxena
5e0d9cfe38c130bd3d0dd20e,F,vaidehi
5e0d9cff38c130bd3d0dd20f,F,sharma
5e0d9cff38c130bd3d0dd210,F,karthika
5e0d9cff38c130bd3d0dd211,F,surya
5e0d9d0038c130bd3d0dd212,F,haripriya
5e0d9d0038c130bd3d0dd213,F,ankita
5e0d9d0038c130bd3d0dd214,F,richa
5e0d9d0138c130bd3d0dd215,F,nagamani
5e0d9d0138c130bd3d0dd216,F,patra
5e0d9d0138c130bd3d0dd217,F,ananya
5e0d9d0138c130bd3d0dd218,F,aarohi
5e0d9d0238c130bd3d0dd219,F,visantha
5e0d9d0238c130bd3d0dd21a,F,ekankshi
5e0d9d0238c130bd3d0dd21b,F,akshithii
5e0d9d0338c130bd3d0dd21c,F,murikipudi
5e0d9d0338c130bd3d0dd21d,F,bhavitha
5e0d9d0338c130bd3d0dd21e,F,aditya
5e0d9d0438c130bd3d0dd21f,F,sravani
5e0d9d0438c130bd3d0dd220,F,hushasvini
5e0dab13536f7dd04430d674,M,vishwanath
5e0dab15536f7dd04430d675,M,siddiq
5e0dab15536f7dd04430d676,M,agarwal
5e0dab15536f7dd04430d677,M,vansh
5e0dab16536f7dd04430d678,M,chaitresh
5e0dab16536f7dd04430d679,M,abhishek
5e0dab16536f7dd04430d67a,M,ramanand
5e0dab17536f7dd04430d67b,M,saisaravanan
5e0dab17536f7dd04430d67c,M,yash
5e0dab17536f7dd04430d67d,M,varun
5e0dab18536f7dd04430d67e,M,vivek
5e0dab18536f7dd04430d67f,M,hayat
5e0dab18536f7dd04430d680,M,arnav
5e0dab19536f7dd04430d681,M,parihar
5e0dab19536f7dd04430d682,M,rishabh
5e0dab19536f7dd04430d683,M,suman
5e0dab1a536f7dd04430d684,M,maity
5e0dab1a536f7dd04430d685,M,balnath
5e0dab1a536f7dd04430d686,M,bhavik
5e0dab1b536f7dd04430d687,M,hitesh
5e0dab1b536f7dd04430d688,M,das
5e0dab1b536f7dd04430d689,M,saudagar
5e0dab1b536f7dd04430d68a,M,nissy
5e0dab1c536f7dd04430d68b,M,ayush
5e0dab1c536f7dd04430d68c,M,dash
5e0dab1c536f7dd04430d68d,M,garg
5e0dab1d536f7dd04430d68e,M,nandan
5e0dab1d536f7dd04430d68f,M,anilkumar
5e0dab1d536f7dd04430d690,M,bisen
5e0dab1e536f7dd04430d691,M,ranjeet
5e0dab1e536f7dd04430d692,M,soham
5e0dab1e536f7dd04430d693,M,jain
5e0dab1f536f7dd04430d694,M,mohammad
5e0dab1f536f7dd04430d695,M,aqeeb
5e0dab1f536f7dd04430d696,M,gaurav
5e0dab20536f7dd04430d697,M,shan
5e0dab20536f7dd04430d698,M,baswaraj
5e0dab20536f7dd04430d699,M,dev
5e0dab20536f7dd04430d69a,M,sehejmeet
5e0dab21536f7dd04430d69b,M,ankur
5e0dab21536f7dd04430d69c,M,bhowmik
5e0dab21536f7dd04430d69d,M,mukesh
5e0dab22536f7dd04430d69e,M,rahul
5e0dab22536f7dd04430d69f,M,pradhan
5e0dab22536f7dd04430d6a0,M,mondal
5e0dab23536f7dd04430d6a1,M,shiven
5e0dab23536f7dd04430d6a2,M,yashodeep
5e0dab23536f7dd04430d6a3,M,arjunsingh
5e0dab24536f7dd04430d6a4,M,sk
5e0dab24536f7dd04430d6a5,M,nischal
5e0dab24536f7dd04430d6a6,M,pratik
5e0dab25536f7dd04430d6a7,M,animesh
5e0dab25536f7dd04430d6a8,M,sarkar
5e0dab25536f7dd04430d6a9,M,sarthak
5e0dab25536f7dd04430d6aa,M,tarun
5e0dab26536f7dd04430d6ab,M,patel
5e0dab26536f7dd04430d6ac,M,katiyar
5e0dab26536f7dd04430d6ad,M,ram
5e0dab27536f7dd04430d6ae,M,preetam
5e0dab27536f7dd04430d6af,M,prasad
5e0dab27536f7dd04430d6b0,M,shivam
5e0dab28536f7dd04430d6b1,M,sapan
5e0dab28536f7dd04430d6b2,M,srinivas
5e0dab28536f7dd04430d6b3,M,ajeet
5e0dab29536f7dd04430d6b4,M,mayank
5e0dab29536f7dd04430d6b5,M,panwar
5e0dab29536f7dd04430d6b6,M,bhardwaj
5e0dab2a536f7dd04430d6b7,M,aashwin
5e0dab2a536f7dd04430d6b8,M,tharun
5e0dab2a536f7dd04430d6b9,M,sanjitt
5e0dab2a536f7dd04430d6ba,M,abubakar
5e0dab2b536f7dd04430d6bb,M,ujaas
5e0dab2b536f7dd04430d6bc,M,satyarth
5e0dab2b536f7dd04430d6bd,M,mittal
5e0dab2c536f7dd04430d6be,M,grover
5e0dab2c536f7dd04430d6bf,M,furkan
5e0dab2c536f7dd04430d6c0,M,raj
5e0dab2d536f7dd04430d6c1,M,prathamesh
5e0dab2d536f7dd04430d6c2,M,avhad
5e0dab2d536f7dd04430d6c3,M,ghosh
5e0dab2e536f7dd04430d6c4,M,aryan
5e0dab2e536f7dd04430d6c5,M,panchal
5e0dab2e536f7dd04430d6c6,M,ramesh
5e0dab2f536f7dd04430d6c7,M,sunny
5e0dab2f536f7dd04430d6c8,M,shashank
5e0dab2f536f7dd04430d6c9,M,siddharth
5e0dab2f536f7dd04430d6ca,M,vaibhav
5e0dab30536f7dd04430d6cb,M,yadav
5e0dab30536f7dd04430d6cc,M,anish
5e0dab30536f7dd04430d6cd,M,srujan
5e0dab31536f7dd04430d6ce,M,sahil
5e0dab31536f7dd04430d6cf,M,prashant
5e0dab31536f7dd04430d6d0,M,choudhary
5e0dab32536f7dd04430d6d1,M,santosh
5e0dab32536f7dd04430d6d2,F,arora
5e0dab32536f7dd04430d6d3,F,yashasva
5e0dab33536f7dd04430d6d4,F,mallikarjuna
5e0dab33536f7dd04430d6d5,F,vadlakonda
5e0dab33536f7dd04430d6d6,F,aaradhya
5e0dab33536f7dd04430d6d7,F,rakshana
5e0dab34536f7dd04430d6d8,F,boora
5e0dab34536f7dd04430d6d9,F,devendra
5e0dab34536f7dd04430d6da,F,arghya
5e0dab35536f7dd04430d6db,F,mishra
5e0dab35536f7dd04430d6dc,M,jitendra
5e0dab35536f7dd04430d6dd,F,anishka
5e0dab36536f7dd04430d6de,F,anshu
5e0dab36536f7dd04430d6df,F,yezarla
5e0dab36536f7dd04430d6e0,F,josline
5e0dab37536f7dd04430d6e1,F,krishna
5e0dab37536f7dd04430d6e2,F,keerthi
5e0dab37536f7dd04430d6e3,F,sri
5e0dab38536f7dd04430d6e4,F,sanjana
5e0dab38536f7dd04430d6e5,F,divya
5e0dab38536f7dd04430d6e6,F,cristo
5e0dab38536f7dd04430d6e7,F,biju
5e0dab39536f7dd04430d6e8,F,aastha
5e0dab39536f7dd04430d6e9,F,baba
5e0dab39536f7dd04430d6ea,F,kumari
5e0dab3a536f7dd04430d6eb,F,katta
5e0dab3a536f7dd04430d6ec,F,channa
5e0dab3a536f7dd04430d6ed,F,nandini
5e0dab3b536f7dd04430d6ee,F,priyanshu
5e0dab3b536f7dd04430d6ef,F,ansu
5e0dab3b536f7dd04430d6f0,F,sania
5e0dab3c536f7dd04430d6f1,F,nivedita
5e0dab3c536f7dd04430d6f2,F,sharma
5e0dab3c536f7dd04430d6f3,F,joshi
5e0dab3d536f7dd04430d6f4,F,preeti
5e0dab3d536f7dd04430d6f5,F,indra
5e0dab3d536f7dd04430d6f6,F,erraguntla
5e0dab3e536f7dd04430d6f7,F,suryanshi
5e0dab3e536f7dd04430d6f8,F,maurya
5e0dab3e536f7dd04430d6f9,F,venkata
5e0dab3e536f7dd04430d6fa,F,pragati
5e0dab3f536f7dd04430d6fb,F,madhulika
5e0dab3f536f7dd04430d6fc,F,misha
5e0dab3f536f7dd04430d6fd,F,rani
5e0dab40536f7dd04430d6fe,F,hi
5e0dab40536f7dd04430d6ff,F,meenakshi
5e0dab40536f7dd04430d700,F,shivendra
5e0dab41536f7dd04430d701,F,rashmi
5e0dab41536f7dd04430d702,F,obillaneni
5e0dab41536f7dd04430d703,F,suhani
5e0dab42536f7dd04430d704,F,vidushi
5e0dab42536f7dd04430d705,F,navya
5e0dab42536f7dd04430d706,F,goswami
5e0dab42536f7dd04430d707,F,sai
5e0dab43536f7dd04430d708,F,messala
5e0dab43536f7dd04430d709,F,agrahari
5e0dab43536f7dd04430d70a,F,rishi
5e0dab44536f7dd04430d70b,F,lahiri
5e0dab44536f7dd04430d70c,F,krishnachandra
5e0dab44536f7dd04430d70d,F,teja
5e0dab45536f7dd04430d70e,F,shrivastava
5e0dab8769f971ca070371bd,M,vishwanath
5e0dab8969f971ca070371be,M,siddiq
5e0dab8969f971ca070371bf,M,agarwal
5e0dab8a69f971ca070371c0,M,vansh
5e0dab8a69f971ca070371c1,M,chaitresh
5e0dab8a69f971ca070371c2,M,abhishek
5e0dab8b69f971ca070371c3,M,ramanand
5e0dab8b69f971ca070371c4,M,saisaravanan
5e0dab8b69f971ca070371c5,M,yash
5e0dab8c69f971ca070371c6,M,varun
5e0dab8c69f971ca070371c7,M,vivek
5e0dab8c69f971ca070371c8,M,hayat
5e0dab8c69f971ca070371c9,M,arnav
5e0dab8d69f971ca070371ca,M,parihar
5e0dab8d69f971ca070371cb,M,rishabh
5e0dab8d69f971ca070371cc,M,suman
5e0dab8e69f971ca070371cd,M,maity
5e0dab8e69f971ca070371ce,M,balnath
5e0dab8e69f971ca070371cf,M,bhavik
5e0dab8f69f971ca070371d0,M,hitesh
5e0dab8f69f971ca070371d1,M,das
5e0dab8f69f971ca070371d2,M,saudagar
5e0dab9069f971ca070371d3,M,nissy
5e0dab9069f971ca070371d4,M,ayush
5e0dab9069f971ca070371d5,M,dash
5e0dab9169f971ca070371d6,M,garg
5e0dab9169f971ca070371d7,M,nandan
5e0dab9169f971ca070371d8,M,anilkumar
5e0dab9269f971ca070371d9,M,bisen
5e0dab9269f971ca070371da,M,ranjeet
5e0dab9269f971ca070371db,M,soham
5e0dab9369f971ca070371dc,M,jain
5e0dab9369f971ca070371dd,M,mohammad
5e0dab9369f971ca070371de,M,aqeeb
5e0dab9469f971ca070371df,M,gaurav
5e0dab9469f971ca070371e0,M,shan
5e0dab9469f971ca070371e1,M,baswaraj
5e0dab9469f971ca070371e2,M,dev
5e0dab9569f971ca070371e3,M,sehejmeet
5e0dab9569f971ca070371e4,M,ankur
5e0dab9569f971ca070371e5,M,bhowmik
5e0dab9669f971ca070371e6,M,mukesh
5e0dab9669f971ca070371e7,M,rahul
5e0dab9669f971ca070371e8,M,pradhan
5e0dab9769f971ca070371e9,M,mondal
5e0dab9769f971ca070371ea,M,shiven
5e0dab9769f971ca070371eb,M,yashodeep
5e0dab9869f971ca070371ec,M,arjunsingh
5e0dab9869f971ca070371ed,M,sk
5e0dab9869f971ca070371ee,M,nischal
5e0dab9969f971ca070371ef,M,pratik
5e0dab9969f971ca070371f0,M,animesh
5e0dab9969f971ca070371f1,M,sarkar
5e0dab9969f971ca070371f2,M,sarthak
5e0dab9a69f971ca070371f3,M,tarun
5e0dab9a69f971ca070371f4,M,patel
5e0dab9a69f971ca070371f5,M,katiyar
5e0dab9b69f971ca070371f6,M,ram
5e0dab9b69f971ca070371f7,M,preetam
5e0dab9b69f971ca070371f8,M,prasad
5e0dab9c69f971ca070371f9,M,shivam
5e0dab9c69f971ca070371fa,M,sapan
5e0dab9c69f971ca070371fb,M,srinivas
5e0dab9d69f971ca070371fc,M,ajeet
5e0dab9d69f971ca070371fd,M,mayank
5e0dab9d69f971ca070371fe,M,panwar
5e0dab9e69f971ca070371ff,M,bhardwaj
5e0dab9e69f971ca07037200,M,aashwin
5e0dab9e69f971ca07037201,M,tharun
5e0dab9f69f971ca07037202,M,sanjitt
5e0dab9f69f971ca07037203,M,abubakar
5e0dab9f69f971ca07037204,M,ujaas
5e0dab9f69f971ca07037205,M,satyarth
5e0daba069f971ca07037206,M,mittal
5e0daba069f971ca07037207,M,grover
5e0daba069f971ca07037208,M,furkan
5e0daba169f971ca07037209,M,raj
5e0daba169f971ca0703720a,M,prathamesh
5e0daba169f971ca0703720b,M,avhad
5e0daba269f971ca0703720c,M,ghosh
5e0daba269f971ca0703720d,M,aryan
5e0daba269f971ca0703720e,M,panchal
5e0daba369f971ca0703720f,M,ramesh
5e0daba369f971ca07037210,M,sunny
5e0daba369f971ca07037211,M,shashank
5e0daba469f971ca07037212,M,siddharth
5e0daba469f971ca07037213,M,vaibhav
5e0daba469f971ca07037214,M,yadav
5e0daba569f971ca07037215,M,anish
5e0daba569f971ca07037216,M,srujan
5e0daba569f971ca07037217,M,sahil
5e0daba569f971ca07037218,M,prashant
5e0daba669f971ca07037219,M,choudhary
5e0daba669f971ca0703721a,M,santosh
5e0daba669f971ca0703721b,F,arora
5e0daba769f971ca0703721c,F,yashasva
5e0daba769f971ca0703721d,F,mallikarjuna
5e0daba769f971ca0703721e,F,vadlakonda
5e0daba869f971ca0703721f,F,aaradhya
5e0daba869f971ca07037220,F,rakshana
5e0daba869f971ca07037221,F,boora
5e0daba969f971ca07037222,F,devendra
5e0daba969f971ca07037223,F,arghya
5e0daba969f971ca07037224,F,mishra
5e0dabaa69f971ca07037225,F,jitendra
5e0dabaa69f971ca07037226,F,anishka
5e0dabaa69f971ca07037227,F,anshu
5e0dabaa69f971ca07037228,F,yezarla
5e0dabab69f971ca07037229,F,josline
5e0dabab69f971ca0703722a,F,krishna
5e0dabab69f971ca0703722b,F,keerthi
5e0dabac69f971ca0703722c,F,sri
5e0dabac69f971ca0703722d,F,sanjana
5e0dabac69f971ca0703722e,F,divya
5e0dabad69f971ca0703722f,F,cristo
5e0dabad69f971ca07037230,F,biju
5e0dabad69f971ca07037231,F,aastha
5e0dabae69f971ca07037232,F,baba
5e0dabae69f971ca07037233,F,kumari
5e0dabae69f971ca07037234,F,katta
5e0dabaf69f971ca07037235,F,channa
5e0dabaf69f971ca07037236,F,nandini
5e0dabaf69f971ca07037237,F,priyanshu
5e0dabb069f971ca07037238,F,ansu
5e0dabb069f971ca07037239,F,sania
5e0dabb069f971ca0703723a,F,nivedita
5e0dabb169f971ca0703723b,F,sharma
5e0dabb169f971ca0703723c,F,joshi
5e0dabb169f971ca0703723d,F,preeti
5e0dabb269f971ca0703723e,F,indra
5e0dabb269f971ca0703723f,F,erraguntla
5e0dabb269f971ca07037240,F,suryanshi
5e0dabb369f971ca07037241,F,maurya
5e0dabb369f971ca07037242,F,venkata
5e0dabb369f971ca07037243,F,pragati
5e0dabb469f971ca07037244,F,madhulika
5e0dabb469f971ca07037245,F,misha
5e0dabb469f971ca07037246,F,rani
5e0dabb569f971ca07037247,F,hi
5e0dabb569f971ca07037248,F,meenakshi
5e0dabb569f971ca07037249,F,shivendra
5e0dabb569f971ca0703724a,F,rashmi
5e0dabb669f971ca0703724b,F,obillaneni
5e0dabb669f971ca0703724c,F,suhani
5e0dabb669f971ca0703724d,F,vidushi
5e0dabb769f971ca0703724e,F,navya
5e0dabb769f971ca0703724f,F,goswami
5e0dabb769f971ca07037250,F,sai
5e0dabb869f971ca07037251,F,messala
5e0dabb869f971ca07037252,F,agrahari
5e0dabb869f971ca07037253,F,rishi
5e0dabb969f971ca07037254,F,lahiri
5e0dabb969f971ca07037255,F,krishnachandra
5e0dabb969f971ca07037256,F,teja
5e0dabba69f971ca07037257,F,shrivastava
5e0dabd3f5f2ad4712a3d55e,M,vishwanath
5e0dabd5f5f2ad4712a3d55f,M,siddiq
5e0dabd5f5f2ad4712a3d560,M,agarwal
5e0dabd6f5f2ad4712a3d561,M,vansh
5e0dabd6f5f2ad4712a3d562,M,chaitresh
5e0dabd6f5f2ad4712a3d563,M,abhishek
5e0dabd7f5f2ad4712a3d564,M,ramanand
5e0dabd7f5f2ad4712a3d565,M,saisaravanan
5e0dabd7f5f2ad4712a3d566,M,yash
5e0dabd7f5f2ad4712a3d567,M,varun
5e0dabd8f5f2ad4712a3d568,M,vivek
5e0dabd8f5f2ad4712a3d569,M,hayat
5e0dabd8f5f2ad4712a3d56a,M,arnav
5e0dabd9f5f2ad4712a3d56b,M,parihar
5e0dabd9f5f2ad4712a3d56c,M,rishabh
5e0dabd9f5f2ad4712a3d56d,M,suman
5e0dabdaf5f2ad4712a3d56e,M,maity
5e0dabdaf5f2ad4712a3d56f,M,balnath
5e0dabdaf5f2ad4712a3d570,M,bhavik
5e0dabdaf5f2ad4712a3d571,M,hitesh
5e0dabdbf5f2ad4712a3d572,M,das
5e0dabdbf5f2ad4712a3d573,M,saudagar
5e0dabdbf5f2ad4712a3d574,M,nissy
5e0dabdcf5f2ad4712a3d575,M,ayush
5e0dabdcf5f2ad4712a3d576,M,dash
5e0dabdcf5f2ad4712a3d577,M,garg
5e0dabddf5f2ad4712a3d578,M,nandan
5e0dabddf5f2ad4712a3d579,M,anilkumar
5e0dabddf5f2ad4712a3d57a,M,bisen
5e0dabdef5f2ad4712a3d57b,M,ranjeet
5e0dabdef5f2ad4712a3d57c,M,soham
5e0dabdef5f2ad4712a3d57d,M,jain
5e0dabdff5f2ad4712a3d57e,M,mohammad
5e0dabdff5f2ad4712a3d57f,M,aqeeb
5e0dabdff5f2ad4712a3d580,M,gaurav
5e0dabe0f5f2ad4712a3d581,M,shan
5e0dabe0f5f2ad4712a3d582,M,baswaraj
5e0dabe0f5f2ad4712a3d583,M,dev
5e0dabe0f5f2ad4712a3d584,M,sehejmeet
5e0dabe1f5f2ad4712a3d585,M,ankur
5e0dabe1f5f2ad4712a3d586,M,bhowmik
5e0dabe1f5f2ad4712a3d587,M,mukesh
5e0dabe2f5f2ad4712a3d588,M,rahul
5e0dabe2f5f2ad4712a3d589,M,pradhan
5e0dabe2f5f2ad4712a3d58a,M,mondal
5e0dabe3f5f2ad4712a3d58b,M,shiven
5e0dabe3f5f2ad4712a3d58c,M,yashodeep
5e0dabe3f5f2ad4712a3d58d,M,arjunsingh
5e0dabe4f5f2ad4712a3d58e,M,sk
5e0dabe4f5f2ad4712a3d58f,M,nischal
5e0dabe4f5f2ad4712a3d590,M,pratik
5e0dabe4f5f2ad4712a3d591,M,animesh
5e0dabe5f5f2ad4712a3d592,M,sarkar
5e0dabe5f5f2ad4712a3d593,M,sarthak
5e0dabe5f5f2ad4712a3d594,M,tarun
5e0dabe6f5f2ad4712a3d595,M,patel
5e0dabe6f5f2ad4712a3d596,M,katiyar
5e0dabe6f5f2ad4712a3d597,M,ram
5e0dabe7f5f2ad4712a3d598,M,preetam
5e0dabe7f5f2ad4712a3d599,M,prasad
5e0dabe7f5f2ad4712a3d59a,M,shivam
5e0dabe8f5f2ad4712a3d59b,M,sapan
5e0dabe8f5f2ad4712a3d59c,M,srinivas
5e0dabe8f5f2ad4712a3d59d,M,ajeet
5e0dabe8f5f2ad4712a3d59e,M,mayank
5e0dabe9f5f2ad4712a3d59f,M,panwar
5e0dabe9f5f2ad4712a3d5a0,M,bhardwaj
5e0dabe9f5f2ad4712a3d5a1,M,aashwin
5e0dabeaf5f2ad4712a3d5a2,M,tharun
5e0dabeaf5f2ad4712a3d5a3,M,sanjitt
5e0dabeaf5f2ad4712a3d5a4,M,abubakar
5e0dabebf5f2ad4712a3d5a5,M,ujaas
5e0dabebf5f2ad4712a3d5a6,M,satyarth
5e0dabebf5f2ad4712a3d5a7,M,mittal
5e0dabebf5f2ad4712a3d5a8,M,grover
5e0dabecf5f2ad4712a3d5a9,M,furkan
5e0dabecf5f2ad4712a3d5aa,M,raj
5e0dabecf5f2ad4712a3d5ab,M,prathamesh
5e0dabedf5f2ad4712a3d5ac,M,avhad
5e0dabedf5f2ad4712a3d5ad,M,ghosh
5e0dabedf5f2ad4712a3d5ae,M,aryan
5e0dabeef5f2ad4712a3d5af,M,panchal
5e0dabeef5f2ad4712a3d5b0,M,ramesh
5e0dabeef5f2ad4712a3d5b1,M,sunny
5e0dabeef5f2ad4712a3d5b2,M,shashank
5e0dabeff5f2ad4712a3d5b3,M,siddharth
5e0dabeff5f2ad4712a3d5b4,M,vaibhav
5e0dabeff5f2ad4712a3d5b5,M,yadav
5e0dabf0f5f2ad4712a3d5b6,M,anish
5e0dabf0f5f2ad4712a3d5b7,M,srujan
5e0dabf0f5f2ad4712a3d5b8,M,sahil
5e0dabf1f5f2ad4712a3d5b9,M,prashant
5e0dabf1f5f2ad4712a3d5ba,M,choudhary
5e0dabf1f5f2ad4712a3d5bb,M,santosh
5e0dabf2f5f2ad4712a3d5bc,F,arora
5e0dabf2f5f2ad4712a3d5bd,F,yashasva
5e0dabf2f5f2ad4712a3d5be,F,mallikarjuna
5e0dabf2f5f2ad4712a3d5bf,F,vadlakonda
5e0dabf3f5f2ad4712a3d5c0,F,aaradhya
5e0dabf3f5f2ad4712a3d5c1,F,rakshana
5e0dabf3f5f2ad4712a3d5c2,F,boora
5e0dabf4f5f2ad4712a3d5c3,F,devendra
5e0dabf4f5f2ad4712a3d5c4,F,arghya
5e0dabf4f5f2ad4712a3d5c5,F,mishra
5e0dabf5f5f2ad4712a3d5c6,F,jitendra
5e0dabf5f5f2ad4712a3d5c7,F,anishka
5e0dabf5f5f2ad4712a3d5c8,F,anshu
5e0dabf6f5f2ad4712a3d5c9,F,yezarla
5e0dabf6f5f2ad4712a3d5ca,F,josline
5e0dabf6f5f2ad4712a3d5cb,F,krishna
5e0dabf6f5f2ad4712a3d5cc,F,keerthi
5e0dabf7f5f2ad4712a3d5cd,F,sri
5e0dabf7f5f2ad4712a3d5ce,F,sanjana
5e0dabf7f5f2ad4712a3d5cf,F,divya
5e0dabf8f5f2ad4712a3d5d0,F,cristo
5e0dabf8f5f2ad4712a3d5d1,F,biju
5e0dabf8f5f2ad4712a3d5d2,F,aastha
5e0dabf9f5f2ad4712a3d5d3,F,baba
5e0dabf9f5f2ad4712a3d5d4,F,kumari
5e0dabf9f5f2ad4712a3d5d5,F,katta
5e0dabf9f5f2ad4712a3d5d6,F,channa
5e0dabfaf5f2ad4712a3d5d7,F,nandini
5e0dabfaf5f2ad4712a3d5d8,F,priyanshu
5e0dabfaf5f2ad4712a3d5d9,F,ansu
5e0dabfbf5f2ad4712a3d5da,F,sania
5e0dabfbf5f2ad4712a3d5db,F,nivedita
5e0dabfbf5f2ad4712a3d5dc,F,sharma
5e0dabfcf5f2ad4712a3d5dd,F,joshi
5e0dabfcf5f2ad4712a3d5de,F,preeti
5e0dabfcf5f2ad4712a3d5df,F,indra
5e0dabfcf5f2ad4712a3d5e0,F,erraguntla
5e0dabfdf5f2ad4712a3d5e1,F,suryanshi
5e0dabfdf5f2ad4712a3d5e2,F,maurya
5e0dabfdf5f2ad4712a3d5e3,F,venkata
5e0dabfef5f2ad4712a3d5e4,F,pragati
5e0dabfef5f2ad4712a3d5e5,F,madhulika
5e0dabfef5f2ad4712a3d5e6,F,misha
5e0dabfff5f2ad4712a3d5e7,F,rani
5e0dabfff5f2ad4712a3d5e8,F,hi
5e0dabfff5f2ad4712a3d5e9,F,meenakshi
5e0dac00f5f2ad4712a3d5ea,F,shivendra
5e0dac00f5f2ad4712a3d5eb,F,rashmi
5e0dac00f5f2ad4712a3d5ec,F,obillaneni
5e0dac00f5f2ad4712a3d5ed,F,suhani
5e0dac01f5f2ad4712a3d5ee,F,vidushi
5e0dac01f5f2ad4712a3d5ef,F,navya
5e0dac01f5f2ad4712a3d5f0,F,goswami
5e0dac02f5f2ad4712a3d5f1,F,sai
5e0dac02f5f2ad4712a3d5f2,F,messala
5e0dac02f5f2ad4712a3d5f3,F,agrahari
5e0dac03f5f2ad4712a3d5f4,F,rishi
5e0dac03f5f2ad4712a3d5f5,F,lahiri
5e0dac03f5f2ad4712a3d5f6,F,krishnachandra
5e0dac04f5f2ad4712a3d5f7,F,teja
5e0dac04f5f2ad4712a3d5f8,F,shrivastava
5e0dac380a1c62d6a9a8d38c,M,vishwanath
5e0dac3a0a1c62d6a9a8d38d,M,siddiq
5e0dac3a0a1c62d6a9a8d38e,M,agarwal
5e0dac3a0a1c62d6a9a8d38f,M,vansh
5e0dac3b0a1c62d6a9a8d390,M,chaitresh
5e0dac3b0a1c62d6a9a8d391,M,abhishek
5e0dac3b0a1c62d6a9a8d392,M,ramanand
5e0dac3c0a1c62d6a9a8d393,M,saisaravanan
5e0dac3c0a1c62d6a9a8d394,M,yash
5e0dac3c0a1c62d6a9a8d395,M,varun
5e0dac3d0a1c62d6a9a8d396,M,vivek
5e0dac3d0a1c62d6a9a8d397,M,hayat
5e0dac3d0a1c62d6a9a8d398,M,arnav
5e0dac3e0a1c62d6a9a8d399,M,parihar
5e0dac3e0a1c62d6a9a8d39a,M,rishabh
5e0dac3e0a1c62d6a9a8d39b,M,suman
5e0dac3e0a1c62d6a9a8d39c,M,maity
5e0dac3f0a1c62d6a9a8d39d,M,balnath
5e0dac3f0a1c62d6a9a8d39e,M,bhavik
5e0dac3f0a1c62d6a9a8d39f,M,hitesh
5e0dac400a1c62d6a9a8d3a0,M,das
5e0dac400a1c62d6a9a8d3a1,M,saudagar
5e0dac400a1c62d6a9a8d3a2,M,nissy
5e0dac410a1c62d6a9a8d3a3,M,ayush
5e0dac410a1c62d6a9a8d3a4,M,dash
5e0dac410a1c62d6a9a8d3a5,M,garg
5e0dac410a1c62d6a9a8d3a6,M,nandan
5e0dac420a1c62d6a9a8d3a7,M,anilkumar
5e0dac420a1c62d6a9a8d3a8,M,bisen
5e0dac420a1c62d6a9a8d3a9,M,ranjeet
5e0dac430a1c62d6a9a8d3aa,M,soham
5e0dac430a1c62d6a9a8d3ab,M,jain
5e0dac430a1c62d6a9a8d3ac,M,mohammad
5e0dac440a1c62d6a9a8d3ad,M,aqeeb
5e0dac440a1c62d6a9a8d3ae,M,gaurav
5e0dac440a1c62d6a9a8d3af,M,shan
5e0dac450a1c62d6a9a8d3b0,M,baswaraj
5e0dac450a1c62d6a9a8d3b1,M,dev
5e0dac450a1c62d6a9a8d3b2,M,sehejmeet
5e0dac460a1c62d6a9a8d3b3,M,ankur
5e0dac460a1c62d6a9a8d3b4,M,bhowmik
5e0dac460a1c62d6a9a8d3b5,M,mukesh
5e0dac460a1c62d6a9a8d3b6,M,rahul
5e0dac470a1c62d6a9a8d3b7,M,pradhan
5e0dac470a1c62d6a9a8d3b8,M,mondal
5e0dac470a1c62d6a9a8d3b9,M,shiven
5e0dac480a1c62d6a9a8d3ba,M,yashodeep
5e0dac480a1c62d6a9a8d3bb,M,arjunsingh
5e0dac480a1c62d6a9a8d3bc,M,sk
5e0dac490a1c62d6a9a8d3bd,M,nischal
5e0dac490a1c62d6a9a8d3be,M,pratik
5e0dac490a1c62d6a9a8d3bf,M,animesh
5e0dac490a1c62d6a9a8d3c0,M,sarkar
5e0dac4a0a1c62d6a9a8d3c1,M,sarthak
5e0dac4a0a1c62d6a9a8d3c2,M,tarun
5e0dac4a0a1c62d6a9a8d3c3,M,patel
5e0dac4b0a1c62d6a9a8d3c4,M,katiyar
5e0dac4b0a1c62d6a9a8d3c5,M,ram
5e0dac4b0a1c62d6a9a8d3c6,M,preetam
5e0dac4c0a1c62d6a9a8d3c7,M,prasad
5e0dac4c0a1c62d6a9a8d3c8,M,shivam
5e0dac4c0a1c62d6a9a8d3c9,M,sapan
5e0dac4c0a1c62d6a9a8d3ca,M,srinivas
5e0dac4d0a1c62d6a9a8d3cb,M,ajeet
5e0dac4d0a1c62d6a9a8d3cc,M,mayank
5e0dac4d0a1c62d6a9a8d3cd,M,panwar
5e0dac4e0a1c62d6a9a8d3ce,M,bhardwaj
5e0dac4e0a1c62d6a9a8d3cf,M,aashwin
5e0dac4e0a1c62d6a9a8d3d0,M,tharun
5e0dac4f0a1c62d6a9a8d3d1,M,sanjitt
5e0dac4f0a1c62d6a9a8d3d2,M,abubakar
5e0dac4f0a1c62d6a9a8d3d3,M,ujaas
5e0dac500a1c62d6a9a8d3d4,M,satyarth
5e0dac500a1c62d6a9a8d3d5,M,mittal
5e0dac500a1c62d6a9a8d3d6,M,grover
5e0dac500a1c62d6a9a8d3d7,M,furkan
5e0dac510a1c62d6a9a8d3d8,M,raj
5e0dac510a1c62d6a9a8d3d9,M,prathamesh
5e0dac510a1c62d6a9a8d3da,M,avhad
5e0dac520a1c62d6a9a8d3db,M,ghosh
5e0dac520a1c62d6a9a8d3dc,M,aryan
5e0dac520a1c62d6a9a8d3dd,M,panchal
5e0dac530a1c62d6a9a8d3de,M,ramesh
5e0dac530a1c62d6a9a8d3df,M,sunny
5e0dac530a1c62d6a9a8d3e0,M,shashank
5e0dac530a1c62d6a9a8d3e1,M,siddharth
5e0dac540a1c62d6a9a8d3e2,M,vaibhav
5e0dac540a1c62d6a9a8d3e3,M,yadav
5e0dac540a1c62d6a9a8d3e4,M,anish
5e0dac550a1c62d6a9a8d3e5,M,srujan
5e0dac550a1c62d6a9a8d3e6,M,sahil
5e0dac550a1c62d6a9a8d3e7,M,prashant
5e0dac560a1c62d6a9a8d3e8,M,choudhary
5e0dac560a1c62d6a9a8d3e9,M,santosh
5e0dac560a1c62d6a9a8d3ea,F,arora
5e0dac570a1c62d6a9a8d3eb,F,yashasva
5e0dac570a1c62d6a9a8d3ec,F,mallikarjuna
5e0dac570a1c62d6a9a8d3ed,F,vadlakonda
5e0dac570a1c62d6a9a8d3ee,F,aaradhya
5e0dac580a1c62d6a9a8d3ef,F,rakshana
5e0dac580a1c62d6a9a8d3f0,F,boora
5e0dac580a1c62d6a9a8d3f1,F,devendra
5e0dac590a1c62d6a9a8d3f2,F,arghya
5e0dac590a1c62d6a9a8d3f3,F,mishra
5e0dac590a1c62d6a9a8d3f4,F,jitendra
5e0dac5a0a1c62d6a9a8d3f5,F,anishka
5e0dac5a0a1c62d6a9a8d3f6,F,anshu
5e0dac5a0a1c62d6a9a8d3f7,F,yezarla
5e0dac5b0a1c62d6a9a8d3f8,F,josline
5e0dac5b0a1c62d6a9a8d3f9,F,krishna
5e0dac5b0a1c62d6a9a8d3fa,F,keerthi
5e0dac5b0a1c62d6a9a8d3fb,F,sri
5e0dac5c0a1c62d6a9a8d3fc,F,sanjana
5e0dac5c0a1c62d6a9a8d3fd,F,divya
5e0dac5c0a1c62d6a9a8d3fe,F,cristo
5e0dac5d0a1c62d6a9a8d3ff,F,biju
5e0dac5d0a1c62d6a9a8d400,F,aastha
5e0dac5d0a1c62d6a9a8d401,F,baba
5e0dac5e0a1c62d6a9a8d402,F,kumari
5e0dac5e0a1c62d6a9a8d403,F,katta
5e0dac5e0a1c62d6a9a8d404,F,channa
5e0dac5f0a1c62d6a9a8d405,F,nandini
5e0dac5f0a1c62d6a9a8d406,F,priyanshu
5e0dac5f0a1c62d6a9a8d407,F,ansu
5e0dac5f0a1c62d6a9a8d408,F,sania
5e0dac600a1c62d6a9a8d409,F,nivedita
5e0dac600a1c62d6a9a8d40a,F,sharma
5e0dac600a1c62d6a9a8d40b,F,joshi
5e0dac610a1c62d6a9a8d40c,F,preeti
5e0dac610a1c62d6a9a8d40d,F,indra
5e0dac610a1c62d6a9a8d40e,F,erraguntla
5e0dac620a1c62d6a9a8d40f,F,suryanshi
5e0dac620a1c62d6a9a8d410,F,maurya
5e0dac620a1c62d6a9a8d411,F,venkata
5e0dac630a1c62d6a9a8d412,F,pragati
5e0dac630a1c62d6a9a8d413,F,madhulika
5e0dac630a1c62d6a9a8d414,F,misha
5e0dac630a1c62d6a9a8d415,F,rani
5e0dac640a1c62d6a9a8d416,F,hi
5e0dac640a1c62d6a9a8d417,F,meenakshi
5e0dac640a1c62d6a9a8d418,F,shivendra
5e0dac650a1c62d6a9a8d419,F,rashmi
5e0dac650a1c62d6a9a8d41a,F,obillaneni
5e0dac650a1c62d6a9a8d41b,F,suhani
5e0dac660a1c62d6a9a8d41c,F,vidushi
5e0dac660a1c62d6a9a8d41d,F,navya
5e0dac660a1c62d6a9a8d41e,F,goswami
5e0dac670a1c62d6a9a8d41f,F,sai
5e0dac670a1c62d6a9a8d420,F,messala
5e0dac670a1c62d6a9a8d421,F,agrahari
5e0dac670a1c62d6a9a8d422,F,rishi
5e0dac680a1c62d6a9a8d423,F,lahiri
5e0dac680a1c62d6a9a8d424,F,krishnachandra
5e0dac680a1c62d6a9a8d425,F,teja
5e0dac690a1c62d6a9a8d426,F,shrivastava
5e0dadaaf06823b98a7261ad,M,vishwanath
5e0dadacf06823b98a7261ae,M,siddiq
5e0dadadf06823b98a7261af,M,agarwal
5e0dadadf06823b98a7261b0,M,vansh
5e0dadadf06823b98a7261b1,M,chaitresh
5e0dadadf06823b98a7261b2,M,abhishek
5e0dadaef06823b98a7261b3,M,ramanand
5e0dadaef06823b98a7261b4,M,saisaravanan
5e0dadaef06823b98a7261b5,M,yash
5e0dadaff06823b98a7261b6,M,varun
5e0dadaff06823b98a7261b7,M,vivek
5e0dadaff06823b98a7261b8,M,hayat
5e0dadb0f06823b98a7261b9,M,arnav
5e0dadb0f06823b98a7261ba,M,parihar
5e0dadb0f06823b98a7261bb,M,rishabh
5e0dadb1f06823b98a7261bc,M,suman
5e0dadb1f06823b98a7261bd,M,maity
5e0dadb1f06823b98a7261be,M,balnath
5e0dadb1f06823b98a7261bf,M,bhavik
5e0dadb2f06823b98a7261c0,M,hitesh
5e0dadb2f06823b98a7261c1,M,das
5e0dadb2f06823b98a7261c2,M,saudagar
5e0dadb3f06823b98a7261c3,M,nissy
5e0dadb3f06823b98a7261c4,M,ayush
5e0dadb3f06823b98a7261c5,M,dash
5e0dadb4f06823b98a7261c6,M,garg
5e0dadb4f06823b98a7261c7,M,nandan
5e0dadb4f06823b98a7261c8,M,anilkumar
5e0dadb5f06823b98a7261c9,M,bisen
5e0dadb5f06823b98a7261ca,M,ranjeet
5e0dadb5f06823b98a7261cb,M,soham
5e0dadb6f06823b98a7261cc,M,jain
5e0dadb6f06823b98a7261cd,M,mohammad
5e0dadb6f06823b98a7261ce,M,aqeeb
5e0dadb6f06823b98a7261cf,M,gaurav
5e0dadb7f06823b98a7261d0,M,shan
5e0dadb7f06823b98a7261d1,M,baswaraj
5e0dadb7f06823b98a7261d2,M,dev
5e0dadb8f06823b98a7261d3,M,sehejmeet
5e0dadb8f06823b98a7261d4,M,ankur
5e0dadb8f06823b98a7261d5,M,bhowmik
5e0dadb9f06823b98a7261d6,M,mukesh
5e0dadb9f06823b98a7261d7,M,rahul
5e0dadb9f06823b98a7261d8,M,pradhan
5e0dadb9f06823b98a7261d9,M,mondal
5e0dadbaf06823b98a7261da,M,shiven
5e0dadbaf06823b98a7261db,M,yashodeep
5e0dadbaf06823b98a7261dc,M,arjunsingh
5e0dadbbf06823b98a7261dd,M,sk
5e0dadbbf06823b98a7261de,M,nischal
5e0dadbbf06823b98a7261df,M,pratik
5e0dadbcf06823b98a7261e0,M,animesh
5e0dadbcf06823b98a7261e1,M,sarkar
5e0dadbcf06823b98a7261e2,M,sarthak
5e0dadbdf06823b98a7261e3,M,tarun
5e0dadbdf06823b98a7261e4,M,patel
5e0dadbdf06823b98a7261e5,M,katiyar
5e0dadbdf06823b98a7261e6,M,ram
5e0dadbef06823b98a7261e7,M,preetam
5e0dadbef06823b98a7261e8,M,prasad
5e0dadbef06823b98a7261e9,M,shivam
5e0dadbff06823b98a7261ea,M,sapan
5e0dadbff06823b98a7261eb,M,srinivas
5e0dadbff06823b98a7261ec,M,ajeet
5e0dadc0f06823b98a7261ed,M,mayank
5e0dadc0f06823b98a7261ee,M,panwar
5e0dadc0f06823b98a7261ef,M,bhardwaj
5e0dadc1f06823b98a7261f0,M,aashwin
5e0dadc1f06823b98a7261f1,M,tharun
5e0dadc1f06823b98a7261f2,M,sanjitt
5e0dadc2f06823b98a7261f3,M,abubakar
5e0dadc2f06823b98a7261f4,M,ujaas
5e0dadc2f06823b98a7261f5,M,satyarth
5e0dadc2f06823b98a7261f6,M,mittal
5e0dadc3f06823b98a7261f7,M,grover
5e0dadc3f06823b98a7261f8,M,furkan
5e0dadc3f06823b98a7261f9,M,raj
5e0dadc4f06823b98a7261fa,M,prathamesh
5e0dadc4f06823b98a7261fb,M,avhad
5e0dadc4f06823b98a7261fc,M,ghosh
5e0dadc5f06823b98a7261fd,M,aryan
5e0dadc5f06823b98a7261fe,M,panchal
5e0dadc5f06823b98a7261ff,M,ramesh
5e0dadc6f06823b98a726200,M,sunny
5e0dadc6f06823b98a726201,M,shashank
5e0dadc6f06823b98a726202,M,siddharth
5e0dadc6f06823b98a726203,M,vaibhav
5e0dadc7f06823b98a726204,M,yadav
5e0dadc7f06823b98a726205,M,anish
5e0dadc7f06823b98a726206,M,srujan
5e0dadc8f06823b98a726207,M,sahil
5e0dadc8f06823b98a726208,M,prashant
5e0dadc8f06823b98a726209,M,choudhary
5e0dadc9f06823b98a72620a,M,santosh
5e0dadc9f06823b98a72620b,F,arora
5e0dadc9f06823b98a72620c,F,yashasva
5e0dadcaf06823b98a72620d,F,mallikarjuna
5e0dadcaf06823b98a72620e,F,vadlakonda
5e0dadcaf06823b98a72620f,F,aaradhya
5e0dadcbf06823b98a726210,F,rakshana
5e0dadcbf06823b98a726211,F,boora
5e0dadcbf06823b98a726212,F,devendra
5e0dadccf06823b98a726213,F,arghya
5e0dadccf06823b98a726214,F,mishra
5e0dadccf06823b98a726215,F,jitendra
5e0dadcdf06823b98a726216,F,anishka
5e0dadcdf06823b98a726217,F,anshu
5e0dadcdf06823b98a726218,F,yezarla
5e0dadcdf06823b98a726219,F,josline
5e0dadcef06823b98a72621a,F,krishna
5e0dadcef06823b98a72621b,F,keerthi
5e0dadcef06823b98a72621c,F,sri
5e0dadcff06823b98a72621d,F,sanjana
5e0dadcff06823b98a72621e,F,divya
5e0dadcff06823b98a72621f,F,cristo
5e0dadd0f06823b98a726220,F,biju
5e0dadd0f06823b98a726221,F,aastha
5e0dadd0f06823b98a726222,F,baba
5e0dadd1f06823b98a726223,F,kumari
5e0dadd1f06823b98a726224,F,katta
5e0dadd1f06823b98a726225,F,channa
5e0dadd2f06823b98a726226,F,nandini
5e0dadd2f06823b98a726227,F,priyanshu
5e0dadd2f06823b98a726228,F,ansu
5e0dadd2f06823b98a726229,F,sania
5e0dadd3f06823b98a72622a,F,nivedita
5e0dadd3f06823b98a72622b,F,sharma
5e0dadd3f06823b98a72622c,F,joshi
5e0dadd4f06823b98a72622d,F,preeti
5e0dadd4f06823b98a72622e,F,indra
5e0dadd4f06823b98a72622f,F,erraguntla
5e0dadd5f06823b98a726230,F,suryanshi
5e0dadd5f06823b98a726231,F,maurya
5e0dadd5f06823b98a726232,F,venkata
5e0dadd6f06823b98a726233,F,pragati
5e0dadd6f06823b98a726234,F,madhulika
5e0dadd6f06823b98a726235,F,misha
5e0dadd7f06823b98a726236,F,rani
5e0dadd7f06823b98a726237,F,hi
5e0dadd7f06823b98a726238,F,meenakshi
5e0dadd8f06823b98a726239,F,shivendra
5e0dadd8f06823b98a72623a,F,rashmi
5e0dadd8f06823b98a72623b,F,obillaneni
5e0dadd8f06823b98a72623c,F,suhani
5e0dadd9f06823b98a72623d,F,vidushi
5e0dadd9f06823b98a72623e,F,navya
5e0dadd9f06823b98a72623f,F,goswami
5e0daddaf06823b98a726240,F,sai
5e0daddaf06823b98a726241,F,messala
5e0daddaf06823b98a726242,F,agrahari
5e0daddbf06823b98a726243,M,rishi
5e0daddbf06823b98a726244,F,lahiri
5e0daddbf06823b98a726245,F,krishnachandra
5e0daddcf06823b98a726246,M,teja
5e0daddcf06823b98a726247,F,shrivastava
